<?xml version="1.0" encoding="UTF-8"?>
<GenRun Id="impl_1" LaunchPart="xc7a100tcsg324-1" LaunchTime="1771239612">
  <File Type="ROUTE-PWR" Name="and_gate_power_routed.rpt"/>
  <File Type="PA-TCL" Name="and_gate.tcl"/>
  <File Type="BITSTR-BMM" Name="and_gate_bd.bmm"/>
  <File Type="ROUTE-PWR-SUM" Name="and_gate_power_summary_routed.pb"/>
  <File Type="REPORTS-TCL" Name="and_gate_reports.tcl"/>
  <File Type="OPT-DCP" Name="and_gate_opt.dcp"/>
  <File Type="OPT-DRC" Name="and_gate_drc_opted.rpt"/>
  <File Type="OPT-HWDEF" Name="and_gate.hwdef"/>
  <File Type="PWROPT-DCP" Name="and_gate_pwropt.dcp"/>
  <File Type="PLACE-DCP" Name="and_gate_placed.dcp"/>
  <File Type="PLACE-IO" Name="and_gate_io_placed.rpt"/>
  <File Type="PLACE-UTIL" Name="and_gate_utilization_placed.rpt"/>
  <File Type="PLACE-UTIL-PB" Name="and_gate_utilization_placed.pb"/>
  <File Type="PLACE-CTRL" Name="and_gate_control_sets_placed.rpt"/>
  <File Type="PLACE-PRE-SIMILARITY" Name="and_gate_incremental_reuse_pre_placed.rpt"/>
  <File Type="BG-BGN" Name="and_gate.bgn"/>
  <File Type="POSTPLACE-PWROPT-DCP" Name="and_gate_postplace_pwropt.dcp"/>
  <File Type="BG-BIN" Name="and_gate.bin"/>
  <File Type="PHYSOPT-DCP" Name="and_gate_physopt.dcp"/>
  <File Type="BITSTR-MSK" Name="and_gate.msk"/>
  <File Type="ROUTE-ERROR-DCP" Name="and_gate_routed_error.dcp"/>
  <File Type="ROUTE-DCP" Name="and_gate_routed.dcp"/>
  <File Type="ROUTE-BLACKBOX-DCP" Name="and_gate_routed_bb.dcp"/>
  <File Type="ROUTE-DRC" Name="and_gate_drc_routed.rpt"/>
  <File Type="ROUTE-DRC-PB" Name="and_gate_drc_routed.pb"/>
  <File Type="ROUTE-DRC-RPX" Name="and_gate_drc_routed.rpx"/>
  <File Type="BITSTR-LTX" Name="and_gate.ltx"/>
  <File Type="ROUTE-METHODOLOGY-DRC" Name="and_gate_methodology_drc_routed.rpt"/>
  <File Type="BITSTR-MMI" Name="and_gate.mmi"/>
  <File Type="ROUTE-METHODOLOGY-DRC-RPX" Name="and_gate_methodology_drc_routed.rpx"/>
  <File Type="ROUTE-METHODOLOGY-DRC-PB" Name="and_gate_methodology_drc_routed.pb"/>
  <File Type="BITSTR-SYSDEF" Name="and_gate.sysdef"/>
  <File Type="ROUTE-PWR-RPX" Name="and_gate_power_routed.rpx"/>
  <File Type="ROUTE-STATUS" Name="and_gate_route_status.rpt"/>
  <File Type="ROUTE-STATUS-PB" Name="and_gate_route_status.pb"/>
  <File Type="ROUTE-TIMINGSUMMARY" Name="and_gate_timing_summary_routed.rpt"/>
  <File Type="ROUTE-TIMING-PB" Name="and_gate_timing_summary_routed.pb"/>
  <File Type="ROUTE-TIMING-RPX" Name="and_gate_timing_summary_routed.rpx"/>
  <File Type="ROUTE-CLK" Name="and_gate_clock_utilization_routed.rpt"/>
  <File Type="ROUTE-BUS-SKEW" Name="and_gate_bus_skew_routed.rpt"/>
  <File Type="ROUTE-BUS-SKEW-PB" Name="and_gate_bus_skew_routed.pb"/>
  <File Type="ROUTE-BUS-SKEW-RPX" Name="and_gate_bus_skew_routed.rpx"/>
  <File Type="POSTROUTE-PHYSOPT-DCP" Name="and_gate_postroute_physopt.dcp"/>
  <File Type="POSTROUTE-PHYSOPT-BLACKBOX-DCP" Name="and_gate_postroute_physopt_bb.dcp"/>
  <File Type="BG-BIT" Name="and_gate.bit"/>
  <File Type="BITSTR-RBT" Name="and_gate.rbt"/>
  <File Type="BITSTR-NKY" Name="and_gate.nky"/>
  <File Type="BG-DRC" Name="and_gate.drc"/>
  <File Type="RDI-RDI" Name="and_gate.vdi"/>
  <File Type="WBT-USG" Name="usage_statistics_webtalk.html"/>
  <FileSet Name="sources" Type="DesignSrcs" RelSrcDir="$PSRCDIR/sources_1">
    <Filter Type="Srcs"/>
    <File Path="$PPRDIR/../../src/and_gate.sv">
      <FileInfo>
        <Attr Name="UsedIn" Val="synthesis"/>
        <Attr Name="UsedIn" Val="implementation"/>
        <Attr Name="UsedIn" Val="simulation"/>
      </FileInfo>
    </File>
    <Config>
      <Option Name="DesignMode" Val="RTL"/>
      <Option Name="TopModule" Val="and_gate"/>
      <Option Name="TopAutoSet" Val="TRUE"/>
    </Config>
  </FileSet>
  <FileSet Name="constrs_in" Type="Constrs" RelSrcDir="$PSRCDIR/constrs_1">
    <Filter Type="Constrs"/>
    <File Path="$PSRCDIR/constrs_1/new/constraints file.xdc">
      <FileInfo>
        <Attr Name="UsedIn" Val="synthesis"/>
        <Attr Name="UsedIn" Val="implementation"/>
      </FileInfo>
    </File>
    <Config>
      <Option Name="TargetConstrsFile" Val="$PSRCDIR/constrs_1/new/constraints file.xdc"/>
      <Option Name="ConstrsType" Val="XDC"/>
    </Config>
  </FileSet>
  <Strategy Version="1" Minor="2">
    <StratHandle Name="Vivado Implementation Defaults" Flow="Vivado Implementation 2018"/>
    <Step Id="init_design"/>
    <Step Id="opt_design"/>
    <Step Id="power_opt_design"/>
    <Step Id="place_design"/>
    <Step Id="post_place_power_opt_design"/>
    <Step Id="phys_opt_design"/>
    <Step Id="route_design"/>
    <Step Id="post_route_phys_opt_design"/>
    <Step Id="write_bitstream"/>
  </Strategy>
</GenRun>
